{
	"credit": "Made with Blockbench",
	"textures": {
		"0": "block/crafting_table_front",
		"1": "block/crafting_table_side",
		"2": "block/crafting_table_top",
		"3": "block/oak_planks",
		"4": "block/crafting_table_front_dagger",
		"5": "block/crafting_table_front_dagger_blade",
		"6": "block/crafting_table_front_dagger_middle",
		"7": "block/crafting_table_front_dagger_white",
		"8": "block/crafting_table_front_hammer_handle",
		"9": "block/crafting_table_front_hammer",
		"10": "block/crafting_table_side_leather",
		"11": "block/crafting_table_top_design",
		"13": "block/crafting_table_top_d1",
		"14": "block/crafting_table_intersection",
		"15": "block/crafting_table_side_x",
		"particle": "block/crafting_table_front"
	},
	"elements": [
		{
			"from": [0, 0, 0],
			"to": [16, 16, 16],
			"faces": {
				"north": {"uv": [0, 0, 16, 16], "texture": "#1"},
				"east": {"uv": [0, 0, 16, 16], "texture": "#0"},
				"south": {"uv": [0, 0, 16, 16], "texture": "#1"},
				"west": {"uv": [0, 0, 16, 16], "texture": "#1"},
				"up": {"uv": [0, 0, 16, 16], "texture": "#2"},
				"down": {"uv": [0, 0, 16, 16], "texture": "#3"}
			}
		},
		{
			"from": [15.6, 9, 2],
			"to": [16.3, 13, 5],
			"faces": {
				"north": {"uv": [0, 0, 16, 16], "texture": "#4"},
				"east": {"uv": [0, 0, 16, 16], "texture": "#4"},
				"south": {"uv": [0, 0, 1, 6], "texture": "#4"},
				"west": {"uv": [0, 0, 3, 6], "texture": "#4"},
				"up": {"uv": [0, 0, 1, 3], "rotation": 180, "texture": "#4"},
				"down": {"uv": [0, 0, 1, 3], "rotation": 180, "texture": "#4"}
			}
		},
		{
			"from": [15.6, 6, 3],
			"to": [16.3, 7, 4],
			"faces": {
				"north": {"uv": [0, 0, 1, 1], "texture": "#5"},
				"east": {"uv": [0, 0, 16, 16], "texture": "#5"},
				"south": {"uv": [0, 0, 1, 1], "texture": "#5"},
				"west": {"uv": [0, 0, 1, 1], "texture": "#5"},
				"up": {"uv": [0, 0, 1, 1], "rotation": 180, "texture": "#5"},
				"down": {"uv": [0, 0, 1, 1], "rotation": 180, "texture": "#5"}
			}
		},
		{
			"from": [15.6, 6, 2],
			"to": [16.3, 7, 3],
			"faces": {
				"north": {"uv": [0, 0, 1, 1], "texture": "#5"},
				"east": {"uv": [0, 0, 16, 16], "texture": "#5"},
				"south": {"uv": [0, 0, 1, 1], "texture": "#5"},
				"west": {"uv": [0, 0, 1, 1], "texture": "#5"},
				"up": {"uv": [0, 0, 1, 1], "rotation": 180, "texture": "#5"},
				"down": {"uv": [0, 0, 1, 1], "rotation": 180, "texture": "#5"}
			}
		},
		{
			"from": [15.6, 7, 2],
			"to": [16.3, 10, 5],
			"faces": {
				"north": {"uv": [0, 0, 1, 1], "texture": "#6"},
				"east": {"uv": [0, 0, 16, 16], "texture": "#6"},
				"south": {"uv": [0, 0, 1, 1], "texture": "#6"},
				"west": {"uv": [0, 0, 1, 1], "texture": "#6"},
				"up": {"uv": [0, 0, 1, 1], "rotation": 180, "texture": "#6"},
				"down": {"uv": [0, 0, 1, 1], "rotation": 180, "texture": "#6"}
			}
		},
		{
			"from": [15.6, 5, 3],
			"to": [16.3, 6, 4],
			"faces": {
				"north": {"uv": [0, 0, 1, 1], "texture": "#7"},
				"east": {"uv": [0, 0, 16, 16], "texture": "#7"},
				"south": {"uv": [0, 0, 1, 1], "texture": "#7"},
				"west": {"uv": [0, 0, 1, 1], "texture": "#7"},
				"up": {"uv": [0, 0, 1, 1], "rotation": 180, "texture": "#7"},
				"down": {"uv": [0, 0, 1, 1], "rotation": 180, "texture": "#7"}
			}
		},
		{
			"from": [15.6, 5, 2],
			"to": [16.3, 6, 3],
			"faces": {
				"north": {"uv": [0, 0, 1, 1], "texture": "#5"},
				"east": {"uv": [0, 0, 16, 16], "texture": "#5"},
				"south": {"uv": [0, 0, 1, 1], "texture": "#5"},
				"west": {"uv": [0, 0, 1, 1], "texture": "#5"},
				"up": {"uv": [0, 0, 1, 1], "rotation": 180, "texture": "#5"},
				"down": {"uv": [0, 0, 1, 1], "rotation": 180, "texture": "#5"}
			}
		},
		{
			"from": [15.6, 4, 2],
			"to": [16.3, 5, 3],
			"faces": {
				"north": {"uv": [0, 0, 1, 1], "texture": "#5"},
				"east": {"uv": [0, 0, 16, 16], "texture": "#5"},
				"south": {"uv": [0, 0, 1, 1], "texture": "#5"},
				"west": {"uv": [0, 0, 1, 1], "texture": "#5"},
				"up": {"uv": [0, 0, 1, 1], "rotation": 180, "texture": "#5"},
				"down": {"uv": [0, 0, 1, 1], "rotation": 180, "texture": "#5"}
			}
		},
		{
			"from": [15.6, 3, 2],
			"to": [16.3, 4, 3],
			"faces": {
				"north": {"uv": [0, 0, 1, 1], "texture": "#7"},
				"east": {"uv": [0, 0, 16, 16], "texture": "#7"},
				"south": {"uv": [0, 0, 1, 1], "texture": "#7"},
				"west": {"uv": [0, 0, 1, 1], "texture": "#7"},
				"up": {"uv": [0, 0, 1, 1], "rotation": 180, "texture": "#7"},
				"down": {"uv": [0, 0, 1, 1], "rotation": 180, "texture": "#7"}
			}
		},
		{
			"from": [16, 7, 12],
			"to": [16.3, 11, 13],
			"faces": {
				"north": {"uv": [0, 0, 1, 4], "texture": "#8"},
				"east": {"uv": [16, 16, 16, 16], "texture": "#8"},
				"south": {"uv": [0, 0, 1, 4], "texture": "#8"},
				"west": {"uv": [0, 0, 16, 16], "texture": "#8"},
				"up": {"uv": [0, 0, 1, 1], "texture": "#8"},
				"down": {"uv": [0, 0, 1, 1], "texture": "#8"}
			}
		},
		{
			"from": [16, 5, 11],
			"to": [16.3, 7, 14],
			"faces": {
				"north": {"uv": [0, 0, 1, 2], "texture": "#9"},
				"east": {"uv": [0, 0, 16, 16], "texture": "#9"},
				"south": {"uv": [0, 0, 1, 2], "texture": "#9"},
				"west": {"uv": [0, 0, 3, 2], "texture": "#9"},
				"up": {"uv": [0, 0, 1, 3], "texture": "#9"},
				"down": {"uv": [0, 0, 1, 3], "texture": "#9"}
			}
		},
		{
			"from": [7, 0, 16],
			"to": [9, 16.4, 16.4],
			"faces": {
				"north": {"uv": [0, 0, 2, 16], "texture": "#10"},
				"east": {"uv": [4, 0, 5, 16], "texture": "#10"},
				"south": {"uv": [2, 0, 4, 16], "texture": "#10"},
				"west": {"uv": [5, 0, 6, 16], "texture": "#10"},
				"up": {"uv": [8, 1, 6, 0], "texture": "#10"},
				"down": {"uv": [8, 1, 6, 2], "texture": "#10"}
			}
		},
		{
			"from": [16, 0, 7],
			"to": [16.4, 16.4, 9],
			"faces": {
				"north": {"uv": [4, 0, 5, 16], "texture": "#10"},
				"east": {"uv": [2, 0, 4, 16], "texture": "#10"},
				"south": {"uv": [5, 0, 6, 16], "texture": "#10"},
				"west": {"uv": [0, 0, 2, 16], "texture": "#10"},
				"up": {"uv": [8, 1, 6, 0], "rotation": 270, "texture": "#10"},
				"down": {"uv": [8, 1, 6, 2], "rotation": 90, "texture": "#10"}
			}
		},
		{
			"from": [7, 0, -0.5],
			"to": [9, 16.4, -0.1],
			"faces": {
				"north": {"uv": [2, 0, 4, 16], "texture": "#10"},
				"east": {"uv": [5, 0, 6, 16], "texture": "#10"},
				"south": {"uv": [0, 0, 2, 16], "texture": "#10"},
				"west": {"uv": [4, 0, 5, 16], "texture": "#10"},
				"up": {"uv": [8, 1, 6, 0], "rotation": 180, "texture": "#10"},
				"down": {"uv": [8, 1, 6, 2], "rotation": 180, "texture": "#10"}
			}
		},
		{
			"from": [-0.5, 0, 7],
			"to": [-0.1, 16.4, 9],
			"faces": {
				"north": {"uv": [5, 0, 6, 16], "texture": "#10"},
				"east": {"uv": [0, 0, 2, 16], "texture": "#10"},
				"south": {"uv": [4, 0, 5, 16], "texture": "#10"},
				"west": {"uv": [2, 0, 4, 16], "texture": "#10"},
				"up": {"uv": [8, 1, 6, 0], "rotation": 90, "texture": "#10"},
				"down": {"uv": [8, 1, 6, 2], "rotation": 270, "texture": "#10"}
			}
		},
		{
			"from": [5, 16, 13],
			"to": [11, 16.4, 16],
			"faces": {
				"north": {"uv": [0, 6, 7, 7], "texture": "#11"},
				"east": {"uv": [7, 0, 10, 1], "texture": "#11"},
				"south": {"uv": [0, 7, 7, 8], "texture": "#11"},
				"west": {"uv": [7, 1, 10, 2], "texture": "#11"},
				"up": {"uv": [7, 3, 0, 0], "texture": "#11"},
				"down": {"uv": [7, 3, 0, 6], "texture": "#11"}
			}
		},
		{
			"from": [5, 16, 0],
			"to": [11, 16.4, 3],
			"faces": {
				"north": {"uv": [0, 7, 7, 8], "texture": "#11"},
				"east": {"uv": [7, 1, 10, 2], "texture": "#11"},
				"south": {"uv": [0, 6, 7, 7], "texture": "#11"},
				"west": {"uv": [7, 0, 10, 1], "texture": "#11"},
				"up": {"uv": [7, 3, 0, 0], "rotation": 180, "texture": "#11"},
				"down": {"uv": [7, 3, 0, 6], "rotation": 180, "texture": "#11"}
			}
		},
		{
			"from": [0, 16, 5],
			"to": [3, 16.4, 11],
			"faces": {
				"north": {"uv": [7, 1, 10, 2], "texture": "#11"},
				"east": {"uv": [0, 6, 7, 7], "texture": "#11"},
				"south": {"uv": [7, 0, 10, 1], "texture": "#11"},
				"west": {"uv": [0, 7, 7, 8], "texture": "#11"},
				"up": {"uv": [7, 3, 0, 0], "rotation": 90, "texture": "#11"},
				"down": {"uv": [7, 3, 0, 6], "rotation": 270, "texture": "#11"}
			}
		},
		{
			"from": [13, 16, 5],
			"to": [16, 16.4, 11],
			"faces": {
				"north": {"uv": [7, 0, 10, 1], "texture": "#11"},
				"east": {"uv": [0, 7, 7, 8], "texture": "#11"},
				"south": {"uv": [7, 1, 10, 2], "texture": "#11"},
				"west": {"uv": [0, 6, 7, 7], "texture": "#11"},
				"up": {"uv": [7, 3, 0, 0], "rotation": 270, "texture": "#11"},
				"down": {"uv": [7, 3, 0, 6], "rotation": 90, "texture": "#11"}
			}
		},
		{
			"from": [11, 16, 1],
			"to": [12, 16.4, 3],
			"faces": {
				"north": {"uv": [3, 2, 4, 3], "rotation": 180, "texture": "#13"},
				"east": {"uv": [0, 1, 2, 2], "rotation": 180, "texture": "#13"},
				"south": {"uv": [3, 3, 4, 4], "rotation": 180, "texture": "#13"},
				"west": {"uv": [0, 0, 2, 1], "rotation": 180, "texture": "#13"},
				"up": {"uv": [3, 0, 2, 2], "rotation": 180, "texture": "#13"},
				"down": {"uv": [1, 4, 0, 2], "rotation": 180, "texture": "#13"}
			}
		},
		{
			"from": [2, 16, 3],
			"to": [3, 16.4, 4],
			"faces": {
				"north": {"uv": [1, 3, 2, 4], "rotation": 180, "texture": "#13"},
				"east": {"uv": [3, 0, 4, 1], "rotation": 180, "texture": "#13"},
				"south": {"uv": [2, 2, 3, 3], "rotation": 180, "texture": "#13"},
				"west": {"uv": [1, 2, 2, 3], "rotation": 180, "texture": "#13"},
				"up": {"uv": [3, 3, 2, 4], "rotation": 90, "texture": "#13"},
				"down": {"uv": [4, 2, 3, 1], "rotation": 270, "texture": "#13"}
			}
		},
		{
			"from": [1, 16, 4],
			"to": [3, 16.4, 5],
			"faces": {
				"north": {"uv": [0, 1, 2, 2], "rotation": 180, "texture": "#13"},
				"east": {"uv": [3, 3, 4, 4], "rotation": 180, "texture": "#13"},
				"south": {"uv": [0, 0, 2, 1], "rotation": 180, "texture": "#13"},
				"west": {"uv": [3, 2, 4, 3], "rotation": 180, "texture": "#13"},
				"up": {"uv": [3, 0, 2, 2], "rotation": 90, "texture": "#13"},
				"down": {"uv": [1, 4, 0, 2], "rotation": 270, "texture": "#13"}
			}
		},
		{
			"from": [3, 16, 2],
			"to": [4, 16.4, 3],
			"faces": {
				"north": {"uv": [1, 2, 2, 3], "texture": "#13"},
				"east": {"uv": [2, 2, 3, 3], "texture": "#13"},
				"south": {"uv": [3, 0, 4, 1], "texture": "#13"},
				"west": {"uv": [1, 3, 2, 4], "texture": "#13"},
				"up": {"uv": [4, 2, 3, 1], "texture": "#13"},
				"down": {"uv": [3, 3, 2, 4], "texture": "#13"}
			}
		},
		{
			"from": [4, 16, 1],
			"to": [5, 16.4, 3],
			"faces": {
				"north": {"uv": [3, 2, 4, 3], "texture": "#13"},
				"east": {"uv": [0, 0, 2, 1], "texture": "#13"},
				"south": {"uv": [3, 3, 4, 4], "texture": "#13"},
				"west": {"uv": [0, 1, 2, 2], "texture": "#13"},
				"up": {"uv": [1, 4, 0, 2], "texture": "#13"},
				"down": {"uv": [3, 0, 2, 2], "texture": "#13"}
			}
		},
		{
			"from": [3, 16, 13],
			"to": [4, 16.4, 14],
			"faces": {
				"north": {"uv": [3, 0, 4, 1], "rotation": 180, "texture": "#13"},
				"east": {"uv": [2, 2, 3, 3], "rotation": 180, "texture": "#13"},
				"south": {"uv": [1, 2, 2, 3], "rotation": 180, "texture": "#13"},
				"west": {"uv": [1, 3, 2, 4], "rotation": 180, "texture": "#13"},
				"up": {"uv": [3, 3, 2, 4], "texture": "#13"},
				"down": {"uv": [4, 2, 3, 1], "texture": "#13"}
			}
		},
		{
			"from": [4, 16, 13],
			"to": [5, 16.4, 15],
			"faces": {
				"north": {"uv": [3, 3, 4, 4], "rotation": 180, "texture": "#13"},
				"east": {"uv": [0, 0, 2, 1], "rotation": 180, "texture": "#13"},
				"south": {"uv": [3, 2, 4, 3], "rotation": 180, "texture": "#13"},
				"west": {"uv": [0, 1, 2, 2], "rotation": 180, "texture": "#13"},
				"up": {"uv": [3, 0, 2, 2], "texture": "#13"},
				"down": {"uv": [1, 4, 0, 2], "texture": "#13"}
			}
		},
		{
			"from": [2, 16, 12],
			"to": [3, 16.4, 13],
			"faces": {
				"north": {"uv": [2, 2, 3, 3], "texture": "#13"},
				"east": {"uv": [3, 0, 4, 1], "texture": "#13"},
				"south": {"uv": [1, 3, 2, 4], "texture": "#13"},
				"west": {"uv": [1, 2, 2, 3], "texture": "#13"},
				"up": {"uv": [4, 2, 3, 1], "rotation": 270, "texture": "#13"},
				"down": {"uv": [3, 3, 2, 4], "rotation": 90, "texture": "#13"}
			}
		},
		{
			"from": [1, 16, 11],
			"to": [3, 16.4, 12],
			"faces": {
				"north": {"uv": [0, 0, 2, 1], "texture": "#13"},
				"east": {"uv": [3, 3, 4, 4], "texture": "#13"},
				"south": {"uv": [0, 1, 2, 2], "texture": "#13"},
				"west": {"uv": [3, 2, 4, 3], "texture": "#13"},
				"up": {"uv": [1, 4, 0, 2], "rotation": 270, "texture": "#13"},
				"down": {"uv": [3, 0, 2, 2], "rotation": 90, "texture": "#13"}
			}
		},
		{
			"from": [13, 16, 12],
			"to": [14, 16.4, 13],
			"faces": {
				"north": {"uv": [2, 2, 3, 3], "rotation": 180, "texture": "#13"},
				"east": {"uv": [1, 2, 2, 3], "rotation": 180, "texture": "#13"},
				"south": {"uv": [1, 3, 2, 4], "rotation": 180, "texture": "#13"},
				"west": {"uv": [3, 0, 4, 1], "rotation": 180, "texture": "#13"},
				"up": {"uv": [3, 3, 2, 4], "rotation": 270, "texture": "#13"},
				"down": {"uv": [4, 2, 3, 1], "rotation": 90, "texture": "#13"}
			}
		},
		{
			"from": [13, 16, 11],
			"to": [15, 16.4, 12],
			"faces": {
				"north": {"uv": [0, 0, 2, 1], "rotation": 180, "texture": "#13"},
				"east": {"uv": [3, 2, 4, 3], "rotation": 180, "texture": "#13"},
				"south": {"uv": [0, 1, 2, 2], "rotation": 180, "texture": "#13"},
				"west": {"uv": [3, 3, 4, 4], "rotation": 180, "texture": "#13"},
				"up": {"uv": [3, 0, 2, 2], "rotation": 270, "texture": "#13"},
				"down": {"uv": [1, 4, 0, 2], "rotation": 90, "texture": "#13"}
			}
		},
		{
			"from": [13, 16, 3],
			"to": [14, 16.4, 4],
			"faces": {
				"north": {"uv": [1, 3, 2, 4], "texture": "#13"},
				"east": {"uv": [1, 2, 2, 3], "texture": "#13"},
				"south": {"uv": [2, 2, 3, 3], "texture": "#13"},
				"west": {"uv": [3, 0, 4, 1], "texture": "#13"},
				"up": {"uv": [4, 2, 3, 1], "rotation": 90, "texture": "#13"},
				"down": {"uv": [3, 3, 2, 4], "rotation": 270, "texture": "#13"}
			}
		},
		{
			"from": [13, 16, 4],
			"to": [15, 16.4, 5],
			"faces": {
				"north": {"uv": [0, 1, 2, 2], "texture": "#13"},
				"east": {"uv": [3, 2, 4, 3], "texture": "#13"},
				"south": {"uv": [0, 0, 2, 1], "texture": "#13"},
				"west": {"uv": [3, 3, 4, 4], "texture": "#13"},
				"up": {"uv": [1, 4, 0, 2], "rotation": 90, "texture": "#13"},
				"down": {"uv": [3, 0, 2, 2], "rotation": 270, "texture": "#13"}
			}
		},
		{
			"from": [12, 16, 13],
			"to": [13, 16.4, 14],
			"faces": {
				"north": {"uv": [3, 0, 4, 1], "texture": "#13"},
				"east": {"uv": [1, 3, 2, 4], "texture": "#13"},
				"south": {"uv": [1, 2, 2, 3], "texture": "#13"},
				"west": {"uv": [2, 2, 3, 3], "texture": "#13"},
				"up": {"uv": [4, 2, 3, 1], "rotation": 180, "texture": "#13"},
				"down": {"uv": [3, 3, 2, 4], "rotation": 180, "texture": "#13"}
			}
		},
		{
			"from": [11, 16, 13],
			"to": [12, 16.4, 15],
			"faces": {
				"north": {"uv": [3, 3, 4, 4], "texture": "#13"},
				"east": {"uv": [0, 1, 2, 2], "texture": "#13"},
				"south": {"uv": [3, 2, 4, 3], "texture": "#13"},
				"west": {"uv": [0, 0, 2, 1], "texture": "#13"},
				"up": {"uv": [1, 4, 0, 2], "rotation": 180, "texture": "#13"},
				"down": {"uv": [3, 0, 2, 2], "rotation": 180, "texture": "#13"}
			}
		},
		{
			"from": [12, 16, 13],
			"to": [13, 16.4, 14],
			"faces": {
				"north": {"uv": [3, 0, 4, 1], "texture": "#13"},
				"east": {"uv": [1, 3, 2, 4], "texture": "#13"},
				"south": {"uv": [1, 2, 2, 3], "texture": "#13"},
				"west": {"uv": [2, 2, 3, 3], "texture": "#13"},
				"up": {"uv": [4, 2, 3, 1], "rotation": 180, "texture": "#13"},
				"down": {"uv": [3, 3, 2, 4], "rotation": 180, "texture": "#13"}
			}
		},
		{
			"from": [11, 16, 13],
			"to": [12, 16.4, 15],
			"faces": {
				"north": {"uv": [3, 3, 4, 4], "texture": "#13"},
				"east": {"uv": [0, 1, 2, 2], "texture": "#13"},
				"south": {"uv": [3, 2, 4, 3], "texture": "#13"},
				"west": {"uv": [0, 0, 2, 1], "texture": "#13"},
				"up": {"uv": [1, 4, 0, 2], "rotation": 180, "texture": "#13"},
				"down": {"uv": [3, 0, 2, 2], "rotation": 180, "texture": "#13"}
			}
		},
		{
			"from": [12, 16, 2],
			"to": [13, 16.4, 3],
			"faces": {
				"north": {"uv": [1, 2, 2, 3], "rotation": 180, "texture": "#13"},
				"east": {"uv": [1, 3, 2, 4], "rotation": 180, "texture": "#13"},
				"south": {"uv": [3, 0, 4, 1], "rotation": 180, "texture": "#13"},
				"west": {"uv": [2, 2, 3, 3], "rotation": 180, "texture": "#13"},
				"up": {"uv": [3, 3, 2, 4], "rotation": 180, "texture": "#13"},
				"down": {"uv": [4, 2, 3, 1], "rotation": 180, "texture": "#13"}
			}
		},
		{
			"from": [5, 15, 16],
			"to": [7, 16.4, 16.4],
			"faces": {
				"north": {"uv": [0, 0, 2, 1], "texture": "#14"},
				"east": {"uv": [3, 2, 4, 3], "texture": "#14"},
				"south": {"uv": [0, 1, 2, 2], "texture": "#14"},
				"west": {"uv": [3, 3, 4, 4], "texture": "#14"},
				"up": {"uv": [2, 3, 0, 2], "texture": "#14"},
				"down": {"uv": [4, 0, 2, 1], "texture": "#14"}
			}
		},
		{
			"from": [5, 15, -0.4],
			"to": [6, 16.4, 0],
			"faces": {
				"north": {"uv": [0, 3, 1, 4], "rotation": 270, "texture": "#14"},
				"east": {"uv": [4, 2, 3, 1], "rotation": 270, "texture": "#14"},
				"south": {"uv": [2, 1, 3, 2], "rotation": 90, "texture": "#14"},
				"west": {"uv": [3, 3, 2, 4], "rotation": 270, "texture": "#14"},
				"up": {"uv": [2, 2, 3, 3], "rotation": 90, "texture": "#14"},
				"down": {"uv": [1, 3, 2, 4], "rotation": 90, "texture": "#14"}
			}
		},
		{
			"from": [6, 14, -0.4],
			"to": [7, 16.4, 0],
			"faces": {
				"north": {"uv": [0, 1, 2, 2], "rotation": 270, "texture": "#14"},
				"east": {"uv": [2, 3, 0, 2], "rotation": 270, "texture": "#14"},
				"south": {"uv": [0, 0, 2, 1], "rotation": 90, "texture": "#14"},
				"west": {"uv": [4, 0, 2, 1], "rotation": 270, "texture": "#14"},
				"up": {"uv": [3, 2, 4, 3], "rotation": 90, "texture": "#14"},
				"down": {"uv": [3, 3, 4, 4], "rotation": 90, "texture": "#14"}
			}
		},
		{
			"from": [9, 14, -0.4],
			"to": [10, 15.4, 0],
			"faces": {
				"north": {"uv": [0, 3, 1, 4], "texture": "#14"},
				"east": {"uv": [1, 3, 2, 4], "texture": "#14"},
				"south": {"uv": [2, 1, 3, 2], "texture": "#14"},
				"west": {"uv": [2, 2, 3, 3], "texture": "#14"},
				"up": {"uv": [4, 2, 3, 1], "rotation": 180, "texture": "#14"},
				"down": {"uv": [3, 3, 2, 4], "rotation": 180, "texture": "#14"}
			}
		},
		{
			"from": [9, 15, -0.4],
			"to": [11, 16.4, 0],
			"faces": {
				"north": {"uv": [0, 1, 2, 2], "texture": "#14"},
				"east": {"uv": [3, 3, 4, 4], "texture": "#14"},
				"south": {"uv": [0, 0, 2, 1], "texture": "#14"},
				"west": {"uv": [3, 2, 4, 3], "texture": "#14"},
				"up": {"uv": [2, 3, 0, 2], "rotation": 180, "texture": "#14"},
				"down": {"uv": [4, 0, 2, 1], "rotation": 180, "texture": "#14"}
			}
		},
		{
			"from": [9, 14, 16],
			"to": [10, 15.4, 16.4],
			"faces": {
				"north": {"uv": [0, 3, 1, 4], "texture": "#14"},
				"east": {"uv": [1, 3, 2, 4], "texture": "#14"},
				"south": {"uv": [2, 1, 3, 2], "texture": "#14"},
				"west": {"uv": [2, 2, 3, 3], "texture": "#14"},
				"up": {"uv": [4, 2, 3, 1], "rotation": 180, "texture": "#14"},
				"down": {"uv": [3, 3, 2, 4], "rotation": 180, "texture": "#14"}
			}
		},
		{
			"from": [9, 15, 16],
			"to": [11, 16.4, 16.4],
			"faces": {
				"north": {"uv": [0, 1, 2, 2], "texture": "#14"},
				"east": {"uv": [3, 3, 4, 4], "texture": "#14"},
				"south": {"uv": [0, 0, 2, 1], "texture": "#14"},
				"west": {"uv": [3, 2, 4, 3], "texture": "#14"},
				"up": {"uv": [2, 3, 0, 2], "rotation": 180, "texture": "#14"},
				"down": {"uv": [4, 0, 2, 1], "rotation": 180, "texture": "#14"}
			}
		},
		{
			"from": [16, 14, 6],
			"to": [16.4, 15.4, 7],
			"faces": {
				"north": {"uv": [1, 3, 2, 4], "texture": "#14"},
				"east": {"uv": [2, 1, 3, 2], "texture": "#14"},
				"south": {"uv": [2, 2, 3, 3], "texture": "#14"},
				"west": {"uv": [0, 3, 1, 4], "texture": "#14"},
				"up": {"uv": [4, 2, 3, 1], "rotation": 90, "texture": "#14"},
				"down": {"uv": [3, 3, 2, 4], "rotation": 270, "texture": "#14"}
			}
		},
		{
			"from": [16, 15, 5],
			"to": [16.4, 16.4, 7],
			"faces": {
				"north": {"uv": [3, 3, 4, 4], "texture": "#14"},
				"east": {"uv": [0, 0, 2, 1], "texture": "#14"},
				"south": {"uv": [3, 2, 4, 3], "texture": "#14"},
				"west": {"uv": [0, 1, 2, 2], "texture": "#14"},
				"up": {"uv": [2, 3, 0, 2], "rotation": 90, "texture": "#14"},
				"down": {"uv": [4, 0, 2, 1], "rotation": 270, "texture": "#14"}
			}
		},
		{
			"from": [16, 15, 10],
			"to": [16.4, 16.4, 11],
			"faces": {
				"north": {"uv": [4, 2, 3, 1], "rotation": 270, "texture": "#14"},
				"east": {"uv": [2, 1, 3, 2], "rotation": 90, "texture": "#14"},
				"south": {"uv": [3, 3, 2, 4], "rotation": 270, "texture": "#14"},
				"west": {"uv": [0, 3, 1, 4], "rotation": 270, "texture": "#14"},
				"up": {"uv": [2, 2, 3, 3], "texture": "#14"},
				"down": {"uv": [1, 3, 2, 4], "rotation": 180, "texture": "#14"}
			}
		},
		{
			"from": [16, 14, 9],
			"to": [16.4, 16.4, 10],
			"faces": {
				"north": {"uv": [2, 3, 0, 2], "rotation": 270, "texture": "#14"},
				"east": {"uv": [0, 0, 2, 1], "rotation": 90, "texture": "#14"},
				"south": {"uv": [4, 0, 2, 1], "rotation": 270, "texture": "#14"},
				"west": {"uv": [0, 1, 2, 2], "rotation": 270, "texture": "#14"},
				"up": {"uv": [3, 2, 4, 3], "texture": "#14"},
				"down": {"uv": [3, 3, 4, 4], "rotation": 180, "texture": "#14"}
			}
		},
		{
			"from": [-0.4, 15, 5],
			"to": [0, 16.4, 6],
			"faces": {
				"north": {"uv": [3, 3, 2, 4], "rotation": 270, "texture": "#14"},
				"east": {"uv": [0, 3, 1, 4], "rotation": 270, "texture": "#14"},
				"south": {"uv": [4, 2, 3, 1], "rotation": 270, "texture": "#14"},
				"west": {"uv": [2, 1, 3, 2], "rotation": 90, "texture": "#14"},
				"up": {"uv": [2, 2, 3, 3], "rotation": 180, "texture": "#14"},
				"down": {"uv": [1, 3, 2, 4], "texture": "#14"}
			}
		},
		{
			"from": [-0.4, 14, 6],
			"to": [0, 16.4, 7],
			"faces": {
				"north": {"uv": [4, 0, 2, 1], "rotation": 270, "texture": "#14"},
				"east": {"uv": [0, 1, 2, 2], "rotation": 270, "texture": "#14"},
				"south": {"uv": [2, 3, 0, 2], "rotation": 270, "texture": "#14"},
				"west": {"uv": [0, 0, 2, 1], "rotation": 90, "texture": "#14"},
				"up": {"uv": [3, 2, 4, 3], "rotation": 180, "texture": "#14"},
				"down": {"uv": [3, 3, 4, 4], "texture": "#14"}
			}
		},
		{
			"from": [-0.4, 14, 9],
			"to": [0, 15.4, 10],
			"faces": {
				"north": {"uv": [2, 2, 3, 3], "texture": "#14"},
				"east": {"uv": [0, 3, 1, 4], "texture": "#14"},
				"south": {"uv": [1, 3, 2, 4], "texture": "#14"},
				"west": {"uv": [2, 1, 3, 2], "texture": "#14"},
				"up": {"uv": [4, 2, 3, 1], "rotation": 270, "texture": "#14"},
				"down": {"uv": [3, 3, 2, 4], "rotation": 90, "texture": "#14"}
			}
		},
		{
			"from": [-0.4, 15, 9],
			"to": [0, 16.4, 11],
			"faces": {
				"north": {"uv": [3, 2, 4, 3], "texture": "#14"},
				"east": {"uv": [0, 1, 2, 2], "texture": "#14"},
				"south": {"uv": [3, 3, 4, 4], "texture": "#14"},
				"west": {"uv": [0, 0, 2, 1], "texture": "#14"},
				"up": {"uv": [2, 3, 0, 2], "rotation": 270, "texture": "#14"},
				"down": {"uv": [4, 0, 2, 1], "rotation": 90, "texture": "#14"}
			}
		},
		{
			"from": [6, 14, 16],
			"to": [7, 15.4, 16.4],
			"faces": {
				"north": {"uv": [2, 1, 3, 2], "texture": "#14"},
				"east": {"uv": [2, 2, 3, 3], "texture": "#14"},
				"south": {"uv": [0, 3, 1, 4], "texture": "#14"},
				"west": {"uv": [1, 3, 2, 4], "texture": "#14"},
				"up": {"uv": [4, 2, 3, 1], "texture": "#14"},
				"down": {"uv": [3, 3, 2, 4], "texture": "#14"}
			}
		},
		{
			"from": [3, 6, 16],
			"to": [4, 7, 16.3],
			"faces": {
				"north": {"uv": [0, 0, 1, 1], "texture": "#15"},
				"east": {"uv": [0, 1, 1, 2], "texture": "#15"},
				"south": {"uv": [1, 0, 2, 1], "texture": "#15"},
				"west": {"uv": [1, 1, 2, 2], "texture": "#15"},
				"up": {"uv": [1, 3, 0, 2], "texture": "#15"},
				"down": {"uv": [3, 0, 2, 1], "texture": "#15"}
			}
		},
		{
			"from": [-0.3, 8, 4],
			"to": [0, 9, 5],
			"faces": {
				"north": {"uv": [1, 7, 2, 8], "texture": "#15"},
				"east": {"uv": [6, 6, 7, 7], "texture": "#15"},
				"south": {"uv": [0, 7, 1, 8], "texture": "#15"},
				"west": {"uv": [7, 0, 8, 1], "texture": "#15"},
				"up": {"uv": [8, 2, 7, 1], "rotation": 90, "texture": "#15"},
				"down": {"uv": [3, 7, 2, 8], "rotation": 270, "texture": "#15"}
			}
		},
		{
			"from": [-0.3, 6, 5],
			"to": [0, 7, 6],
			"faces": {
				"north": {"uv": [6, 4, 7, 5], "texture": "#15"},
				"east": {"uv": [3, 6, 4, 7], "texture": "#15"},
				"south": {"uv": [6, 3, 7, 4], "texture": "#15"},
				"west": {"uv": [4, 6, 5, 7], "texture": "#15"},
				"up": {"uv": [6, 7, 5, 6], "rotation": 90, "texture": "#15"},
				"down": {"uv": [7, 5, 6, 6], "rotation": 270, "texture": "#15"}
			}
		},
		{
			"from": [-0.3, 7, 5],
			"to": [0, 8, 6],
			"faces": {
				"north": {"uv": [6, 1, 7, 2], "texture": "#15"},
				"east": {"uv": [0, 6, 1, 7], "texture": "#15"},
				"south": {"uv": [6, 0, 7, 1], "texture": "#15"},
				"west": {"uv": [1, 6, 2, 7], "texture": "#15"},
				"up": {"uv": [3, 7, 2, 6], "rotation": 90, "texture": "#15"},
				"down": {"uv": [7, 2, 6, 3], "rotation": 270, "texture": "#15"}
			}
		},
		{
			"from": [-0.3, 10, 5],
			"to": [0, 11, 6],
			"faces": {
				"north": {"uv": [4, 5, 5, 6], "texture": "#15"},
				"east": {"uv": [5, 2, 6, 3], "texture": "#15"},
				"south": {"uv": [3, 5, 4, 6], "texture": "#15"},
				"west": {"uv": [5, 3, 6, 4], "texture": "#15"},
				"up": {"uv": [6, 5, 5, 4], "rotation": 90, "texture": "#15"},
				"down": {"uv": [6, 5, 5, 6], "rotation": 270, "texture": "#15"}
			}
		},
		{
			"from": [-0.3, 9, 5],
			"to": [0, 10, 6],
			"faces": {
				"north": {"uv": [1, 5, 2, 6], "texture": "#15"},
				"east": {"uv": [4, 4, 5, 5], "texture": "#15"},
				"south": {"uv": [0, 5, 1, 6], "texture": "#15"},
				"west": {"uv": [5, 0, 6, 1], "texture": "#15"},
				"up": {"uv": [6, 2, 5, 1], "rotation": 90, "texture": "#15"},
				"down": {"uv": [3, 5, 2, 6], "rotation": 270, "texture": "#15"}
			}
		},
		{
			"from": [-0.3, 9, 3],
			"to": [0, 10, 4],
			"faces": {
				"north": {"uv": [4, 2, 5, 3], "texture": "#15"},
				"east": {"uv": [1, 4, 2, 5], "texture": "#15"},
				"south": {"uv": [4, 1, 5, 2], "texture": "#15"},
				"west": {"uv": [2, 4, 3, 5], "texture": "#15"},
				"up": {"uv": [4, 5, 3, 4], "rotation": 90, "texture": "#15"},
				"down": {"uv": [5, 3, 4, 4], "rotation": 270, "texture": "#15"}
			}
		},
		{
			"from": [-0.3, 10, 3],
			"to": [0, 11, 4],
			"faces": {
				"north": {"uv": [3, 3, 4, 4], "texture": "#15"},
				"east": {"uv": [3, 1, 4, 2], "texture": "#15"},
				"south": {"uv": [2, 3, 3, 4], "texture": "#15"},
				"west": {"uv": [3, 2, 4, 3], "texture": "#15"},
				"up": {"uv": [1, 5, 0, 4], "rotation": 90, "texture": "#15"},
				"down": {"uv": [5, 0, 4, 1], "rotation": 270, "texture": "#15"}
			}
		},
		{
			"from": [-0.3, 7, 3],
			"to": [0, 8, 4],
			"faces": {
				"north": {"uv": [0, 3, 1, 4], "texture": "#15"},
				"east": {"uv": [1, 2, 2, 3], "texture": "#15"},
				"south": {"uv": [2, 1, 3, 2], "texture": "#15"},
				"west": {"uv": [2, 2, 3, 3], "texture": "#15"},
				"up": {"uv": [4, 1, 3, 0], "rotation": 90, "texture": "#15"},
				"down": {"uv": [2, 3, 1, 4], "rotation": 270, "texture": "#15"}
			}
		},
		{
			"from": [-0.3, 6, 3],
			"to": [0, 7, 4],
			"faces": {
				"north": {"uv": [1, 1, 2, 2], "texture": "#15"},
				"east": {"uv": [0, 0, 1, 1], "texture": "#15"},
				"south": {"uv": [0, 1, 1, 2], "texture": "#15"},
				"west": {"uv": [1, 0, 2, 1], "texture": "#15"},
				"up": {"uv": [1, 3, 0, 2], "rotation": 90, "texture": "#15"},
				"down": {"uv": [3, 0, 2, 1], "rotation": 270, "texture": "#15"}
			}
		},
		{
			"from": [11, 8, -0.3],
			"to": [12, 9, 0],
			"faces": {
				"north": {"uv": [7, 0, 8, 1], "texture": "#15"},
				"east": {"uv": [1, 7, 2, 8], "texture": "#15"},
				"south": {"uv": [6, 6, 7, 7], "texture": "#15"},
				"west": {"uv": [0, 7, 1, 8], "texture": "#15"},
				"up": {"uv": [8, 2, 7, 1], "rotation": 180, "texture": "#15"},
				"down": {"uv": [3, 7, 2, 8], "rotation": 180, "texture": "#15"}
			}
		},
		{
			"from": [10, 6, -0.3],
			"to": [11, 7, 0],
			"faces": {
				"north": {"uv": [4, 6, 5, 7], "texture": "#15"},
				"east": {"uv": [6, 4, 7, 5], "texture": "#15"},
				"south": {"uv": [3, 6, 4, 7], "texture": "#15"},
				"west": {"uv": [6, 3, 7, 4], "texture": "#15"},
				"up": {"uv": [6, 7, 5, 6], "rotation": 180, "texture": "#15"},
				"down": {"uv": [7, 5, 6, 6], "rotation": 180, "texture": "#15"}
			}
		},
		{
			"from": [10, 7, -0.3],
			"to": [11, 8, 0],
			"faces": {
				"north": {"uv": [1, 6, 2, 7], "texture": "#15"},
				"east": {"uv": [6, 1, 7, 2], "texture": "#15"},
				"south": {"uv": [0, 6, 1, 7], "texture": "#15"},
				"west": {"uv": [6, 0, 7, 1], "texture": "#15"},
				"up": {"uv": [3, 7, 2, 6], "rotation": 180, "texture": "#15"},
				"down": {"uv": [7, 2, 6, 3], "rotation": 180, "texture": "#15"}
			}
		},
		{
			"from": [10, 10, -0.3],
			"to": [11, 11, 0],
			"faces": {
				"north": {"uv": [5, 3, 6, 4], "texture": "#15"},
				"east": {"uv": [4, 5, 5, 6], "texture": "#15"},
				"south": {"uv": [5, 2, 6, 3], "texture": "#15"},
				"west": {"uv": [3, 5, 4, 6], "texture": "#15"},
				"up": {"uv": [6, 5, 5, 4], "rotation": 180, "texture": "#15"},
				"down": {"uv": [6, 5, 5, 6], "rotation": 180, "texture": "#15"}
			}
		},
		{
			"from": [10, 9, -0.3],
			"to": [11, 10, 0],
			"faces": {
				"north": {"uv": [5, 0, 6, 1], "texture": "#15"},
				"east": {"uv": [1, 5, 2, 6], "texture": "#15"},
				"south": {"uv": [4, 4, 5, 5], "texture": "#15"},
				"west": {"uv": [0, 5, 1, 6], "texture": "#15"},
				"up": {"uv": [6, 2, 5, 1], "rotation": 180, "texture": "#15"},
				"down": {"uv": [3, 5, 2, 6], "rotation": 180, "texture": "#15"}
			}
		},
		{
			"from": [12, 9, -0.3],
			"to": [13, 10, 0],
			"faces": {
				"north": {"uv": [2, 4, 3, 5], "texture": "#15"},
				"east": {"uv": [4, 2, 5, 3], "texture": "#15"},
				"south": {"uv": [1, 4, 2, 5], "texture": "#15"},
				"west": {"uv": [4, 1, 5, 2], "texture": "#15"},
				"up": {"uv": [4, 5, 3, 4], "rotation": 180, "texture": "#15"},
				"down": {"uv": [5, 3, 4, 4], "rotation": 180, "texture": "#15"}
			}
		},
		{
			"from": [12, 10, -0.3],
			"to": [13, 11, 0],
			"faces": {
				"north": {"uv": [3, 2, 4, 3], "texture": "#15"},
				"east": {"uv": [3, 3, 4, 4], "texture": "#15"},
				"south": {"uv": [3, 1, 4, 2], "texture": "#15"},
				"west": {"uv": [2, 3, 3, 4], "texture": "#15"},
				"up": {"uv": [1, 5, 0, 4], "rotation": 180, "texture": "#15"},
				"down": {"uv": [5, 0, 4, 1], "rotation": 180, "texture": "#15"}
			}
		},
		{
			"from": [12, 7, -0.3],
			"to": [13, 8, 0],
			"faces": {
				"north": {"uv": [2, 2, 3, 3], "texture": "#15"},
				"east": {"uv": [0, 3, 1, 4], "texture": "#15"},
				"south": {"uv": [1, 2, 2, 3], "texture": "#15"},
				"west": {"uv": [2, 1, 3, 2], "texture": "#15"},
				"up": {"uv": [4, 1, 3, 0], "rotation": 180, "texture": "#15"},
				"down": {"uv": [2, 3, 1, 4], "rotation": 180, "texture": "#15"}
			}
		},
		{
			"from": [12, 6, -0.3],
			"to": [13, 7, 0],
			"faces": {
				"north": {"uv": [1, 0, 2, 1], "texture": "#15"},
				"east": {"uv": [1, 1, 2, 2], "texture": "#15"},
				"south": {"uv": [0, 0, 1, 1], "texture": "#15"},
				"west": {"uv": [0, 1, 1, 2], "texture": "#15"},
				"up": {"uv": [1, 3, 0, 2], "rotation": 180, "texture": "#15"},
				"down": {"uv": [3, 0, 2, 1], "rotation": 180, "texture": "#15"}
			}
		},
		{
			"from": [3, 7, 16],
			"to": [4, 8, 16.3],
			"faces": {
				"north": {"uv": [1, 2, 2, 3], "texture": "#15"},
				"east": {"uv": [2, 1, 3, 2], "texture": "#15"},
				"south": {"uv": [2, 2, 3, 3], "texture": "#15"},
				"west": {"uv": [0, 3, 1, 4], "texture": "#15"},
				"up": {"uv": [4, 1, 3, 0], "texture": "#15"},
				"down": {"uv": [2, 3, 1, 4], "texture": "#15"}
			}
		},
		{
			"from": [3, 10, 16],
			"to": [4, 11, 16.3],
			"faces": {
				"north": {"uv": [3, 1, 4, 2], "texture": "#15"},
				"east": {"uv": [2, 3, 3, 4], "texture": "#15"},
				"south": {"uv": [3, 2, 4, 3], "texture": "#15"},
				"west": {"uv": [3, 3, 4, 4], "texture": "#15"},
				"up": {"uv": [1, 5, 0, 4], "texture": "#15"},
				"down": {"uv": [5, 0, 4, 1], "texture": "#15"}
			}
		},
		{
			"from": [3, 9, 16],
			"to": [4, 10, 16.3],
			"faces": {
				"north": {"uv": [1, 4, 2, 5], "texture": "#15"},
				"east": {"uv": [4, 1, 5, 2], "texture": "#15"},
				"south": {"uv": [2, 4, 3, 5], "texture": "#15"},
				"west": {"uv": [4, 2, 5, 3], "texture": "#15"},
				"up": {"uv": [4, 5, 3, 4], "texture": "#15"},
				"down": {"uv": [5, 3, 4, 4], "texture": "#15"}
			}
		},
		{
			"from": [5, 9, 16],
			"to": [6, 10, 16.3],
			"faces": {
				"north": {"uv": [4, 4, 5, 5], "texture": "#15"},
				"east": {"uv": [0, 5, 1, 6], "texture": "#15"},
				"south": {"uv": [5, 0, 6, 1], "texture": "#15"},
				"west": {"uv": [1, 5, 2, 6], "texture": "#15"},
				"up": {"uv": [6, 2, 5, 1], "texture": "#15"},
				"down": {"uv": [3, 5, 2, 6], "texture": "#15"}
			}
		},
		{
			"from": [5, 10, 16],
			"to": [6, 11, 16.3],
			"faces": {
				"north": {"uv": [5, 2, 6, 3], "texture": "#15"},
				"east": {"uv": [3, 5, 4, 6], "texture": "#15"},
				"south": {"uv": [5, 3, 6, 4], "texture": "#15"},
				"west": {"uv": [4, 5, 5, 6], "texture": "#15"},
				"up": {"uv": [6, 5, 5, 4], "texture": "#15"},
				"down": {"uv": [6, 5, 5, 6], "texture": "#15"}
			}
		},
		{
			"from": [5, 7, 16],
			"to": [6, 8, 16.3],
			"faces": {
				"north": {"uv": [0, 6, 1, 7], "texture": "#15"},
				"east": {"uv": [6, 0, 7, 1], "texture": "#15"},
				"south": {"uv": [1, 6, 2, 7], "texture": "#15"},
				"west": {"uv": [6, 1, 7, 2], "texture": "#15"},
				"up": {"uv": [3, 7, 2, 6], "texture": "#15"},
				"down": {"uv": [7, 2, 6, 3], "texture": "#15"}
			}
		},
		{
			"from": [5, 6, 16],
			"to": [6, 7, 16.3],
			"faces": {
				"north": {"uv": [3, 6, 4, 7], "texture": "#15"},
				"east": {"uv": [6, 3, 7, 4], "texture": "#15"},
				"south": {"uv": [4, 6, 5, 7], "texture": "#15"},
				"west": {"uv": [6, 4, 7, 5], "texture": "#15"},
				"up": {"uv": [6, 7, 5, 6], "texture": "#15"},
				"down": {"uv": [7, 5, 6, 6], "texture": "#15"}
			}
		},
		{
			"from": [4, 8, 16],
			"to": [5, 9, 16.3],
			"faces": {
				"north": {"uv": [6, 6, 7, 7], "texture": "#15"},
				"east": {"uv": [0, 7, 1, 8], "texture": "#15"},
				"south": {"uv": [7, 0, 8, 1], "texture": "#15"},
				"west": {"uv": [1, 7, 2, 8], "texture": "#15"},
				"up": {"uv": [8, 2, 7, 1], "texture": "#15"},
				"down": {"uv": [3, 7, 2, 8], "texture": "#15"}
			}
		}
	],
	"display": {
		"thirdperson_righthand": {
			"scale": [0.4, 0.4, 0.4]
		},
		"thirdperson_lefthand": {
			"scale": [0.4, 0.4, 0.4]
		},
		"firstperson_righthand": {
			"scale": [0.47, 0.45, 0.3]
		},
		"firstperson_lefthand": {
			"scale": [0.47, 0.45, 0.3]
		},
		"ground": {
			"scale": [0.3, 0.3, 0.32]
		},
		"gui": {
			"rotation": [25.98, -47.09, -1.35],
			"scale": [0.7, 0.65, 0.69]
		},
		"fixed": {
			"scale": [0.9, 0.9, 0.9]
		}
	}
}