{
	"credit": "Made with Blockbench",
	"textures": {
		"0": "block/emerald_ore",
		"1": "block/emerald_ore_1/albedo",
		"particle": "block/emerald_ore"
	},
	"elements": [
		{
			"from": [0, 0, 0],
			"to": [16, 16, 16],
			"faces": {
				"north": {"uv": [0, 0, 16, 16], "texture": "#0"},
				"east": {"uv": [0, 0, 16, 16], "texture": "#0"},
				"south": {"uv": [0, 0, 16, 16], "texture": "#0"},
				"west": {"uv": [0, 0, 16, 16], "texture": "#0"},
				"up": {"uv": [0, 0, 16, 16], "texture": "#0"},
				"down": {"uv": [0, 0, 16, 16], "texture": "#0"}
			}
		},
		{
			"from": [3, 16, 3],
			"to": [4, 16.4, 4],
			"faces": {
				"north": {"uv": [0, 0, 1, 1], "texture": "#1"},
				"east": {"uv": [0, 1, 1, 2], "texture": "#1"},
				"south": {"uv": [1, 0, 2, 1], "texture": "#1"},
				"west": {"uv": [1, 1, 2, 2], "texture": "#1"},
				"up": {"uv": [1, 3, 0, 2], "texture": "#1"},
				"down": {"uv": [3, 0, 2, 1], "texture": "#1"}
			}
		},
		{
			"from": [11, 16, 1],
			"to": [12, 16.4, 2],
			"faces": {
				"north": {"uv": [0, 6, 1, 7], "texture": "#1"},
				"east": {"uv": [6, 0, 7, 1], "texture": "#1"},
				"south": {"uv": [1, 6, 2, 7], "texture": "#1"},
				"west": {"uv": [6, 1, 7, 2], "texture": "#1"},
				"up": {"uv": [3, 7, 2, 6], "texture": "#1"},
				"down": {"uv": [7, 2, 6, 3], "texture": "#1"}
			}
		},
		{
			"from": [9, 16, 2],
			"to": [10, 16.4, 3],
			"faces": {
				"north": {"uv": [5, 2, 6, 3], "texture": "#1"},
				"east": {"uv": [3, 5, 4, 6], "texture": "#1"},
				"south": {"uv": [5, 3, 6, 4], "texture": "#1"},
				"west": {"uv": [4, 5, 5, 6], "texture": "#1"},
				"up": {"uv": [6, 5, 5, 4], "texture": "#1"},
				"down": {"uv": [6, 5, 5, 6], "texture": "#1"}
			}
		},
		{
			"from": [10, 16, 1],
			"to": [11, 16.4, 2],
			"faces": {
				"north": {"uv": [4, 4, 5, 5], "texture": "#1"},
				"east": {"uv": [0, 5, 1, 6], "texture": "#1"},
				"south": {"uv": [5, 0, 6, 1], "texture": "#1"},
				"west": {"uv": [1, 5, 2, 6], "texture": "#1"},
				"up": {"uv": [6, 2, 5, 1], "texture": "#1"},
				"down": {"uv": [3, 5, 2, 6], "texture": "#1"}
			}
		},
		{
			"from": [10, 16, 2],
			"to": [11, 16.4, 3],
			"faces": {
				"north": {"uv": [1, 4, 2, 5], "texture": "#1"},
				"east": {"uv": [4, 1, 5, 2], "texture": "#1"},
				"south": {"uv": [2, 4, 3, 5], "texture": "#1"},
				"west": {"uv": [4, 2, 5, 3], "texture": "#1"},
				"up": {"uv": [4, 5, 3, 4], "texture": "#1"},
				"down": {"uv": [5, 3, 4, 4], "texture": "#1"}
			}
		},
		{
			"from": [10, 16, 3],
			"to": [11, 16.4, 4],
			"faces": {
				"north": {"uv": [3, 1, 4, 2], "texture": "#1"},
				"east": {"uv": [2, 3, 3, 4], "texture": "#1"},
				"south": {"uv": [3, 2, 4, 3], "texture": "#1"},
				"west": {"uv": [3, 3, 4, 4], "texture": "#1"},
				"up": {"uv": [1, 5, 0, 4], "texture": "#1"},
				"down": {"uv": [5, 0, 4, 1], "texture": "#1"}
			}
		},
		{
			"from": [11, 16, 2],
			"to": [12, 16.4, 3],
			"faces": {
				"north": {"uv": [1, 2, 2, 3], "texture": "#1"},
				"east": {"uv": [2, 1, 3, 2], "texture": "#1"},
				"south": {"uv": [2, 2, 3, 3], "texture": "#1"},
				"west": {"uv": [0, 3, 1, 4], "texture": "#1"},
				"up": {"uv": [4, 1, 3, 0], "texture": "#1"},
				"down": {"uv": [2, 3, 1, 4], "texture": "#1"}
			}
		},
		{
			"from": [11, 16, 3],
			"to": [12, 16.4, 4],
			"faces": {
				"north": {"uv": [0, 0, 1, 1], "texture": "#1"},
				"east": {"uv": [0, 1, 1, 2], "texture": "#1"},
				"south": {"uv": [1, 0, 2, 1], "texture": "#1"},
				"west": {"uv": [1, 1, 2, 2], "texture": "#1"},
				"up": {"uv": [1, 3, 0, 2], "texture": "#1"},
				"down": {"uv": [3, 0, 2, 1], "texture": "#1"}
			}
		},
		{
			"from": [5, 16, 12],
			"to": [6, 16.4, 13],
			"faces": {
				"north": {"uv": [0, 6, 1, 7], "texture": "#1"},
				"east": {"uv": [6, 0, 7, 1], "texture": "#1"},
				"south": {"uv": [1, 6, 2, 7], "texture": "#1"},
				"west": {"uv": [6, 1, 7, 2], "texture": "#1"},
				"up": {"uv": [3, 7, 2, 6], "texture": "#1"},
				"down": {"uv": [7, 2, 6, 3], "texture": "#1"}
			}
		},
		{
			"from": [3, 16, 13],
			"to": [4, 16.4, 14],
			"faces": {
				"north": {"uv": [5, 2, 6, 3], "texture": "#1"},
				"east": {"uv": [3, 5, 4, 6], "texture": "#1"},
				"south": {"uv": [5, 3, 6, 4], "texture": "#1"},
				"west": {"uv": [4, 5, 5, 6], "texture": "#1"},
				"up": {"uv": [6, 5, 5, 4], "texture": "#1"},
				"down": {"uv": [6, 5, 5, 6], "texture": "#1"}
			}
		},
		{
			"from": [4, 16, 12],
			"to": [5, 16.4, 13],
			"faces": {
				"north": {"uv": [4, 4, 5, 5], "texture": "#1"},
				"east": {"uv": [0, 5, 1, 6], "texture": "#1"},
				"south": {"uv": [5, 0, 6, 1], "texture": "#1"},
				"west": {"uv": [1, 5, 2, 6], "texture": "#1"},
				"up": {"uv": [6, 2, 5, 1], "texture": "#1"},
				"down": {"uv": [3, 5, 2, 6], "texture": "#1"}
			}
		},
		{
			"from": [4, 16, 13],
			"to": [5, 16.4, 14],
			"faces": {
				"north": {"uv": [1, 4, 2, 5], "texture": "#1"},
				"east": {"uv": [4, 1, 5, 2], "texture": "#1"},
				"south": {"uv": [2, 4, 3, 5], "texture": "#1"},
				"west": {"uv": [4, 2, 5, 3], "texture": "#1"},
				"up": {"uv": [4, 5, 3, 4], "texture": "#1"},
				"down": {"uv": [5, 3, 4, 4], "texture": "#1"}
			}
		},
		{
			"from": [4, 16, 14],
			"to": [5, 16.4, 15],
			"faces": {
				"north": {"uv": [3, 1, 4, 2], "texture": "#1"},
				"east": {"uv": [2, 3, 3, 4], "texture": "#1"},
				"south": {"uv": [3, 2, 4, 3], "texture": "#1"},
				"west": {"uv": [3, 3, 4, 4], "texture": "#1"},
				"up": {"uv": [1, 5, 0, 4], "texture": "#1"},
				"down": {"uv": [5, 0, 4, 1], "texture": "#1"}
			}
		},
		{
			"from": [5, 16, 13],
			"to": [6, 16.4, 14],
			"faces": {
				"north": {"uv": [1, 2, 2, 3], "texture": "#1"},
				"east": {"uv": [2, 1, 3, 2], "texture": "#1"},
				"south": {"uv": [2, 2, 3, 3], "texture": "#1"},
				"west": {"uv": [0, 3, 1, 4], "texture": "#1"},
				"up": {"uv": [4, 1, 3, 0], "texture": "#1"},
				"down": {"uv": [2, 3, 1, 4], "texture": "#1"}
			}
		},
		{
			"from": [5, 16, 14],
			"to": [6, 16.4, 15],
			"faces": {
				"north": {"uv": [0, 0, 1, 1], "texture": "#1"},
				"east": {"uv": [0, 1, 1, 2], "texture": "#1"},
				"south": {"uv": [1, 0, 2, 1], "texture": "#1"},
				"west": {"uv": [1, 1, 2, 2], "texture": "#1"},
				"up": {"uv": [1, 3, 0, 2], "texture": "#1"},
				"down": {"uv": [3, 0, 2, 1], "texture": "#1"}
			}
		},
		{
			"from": [14, 16, 6],
			"to": [15, 16.4, 7],
			"faces": {
				"north": {"uv": [0, 6, 1, 7], "texture": "#1"},
				"east": {"uv": [6, 0, 7, 1], "texture": "#1"},
				"south": {"uv": [1, 6, 2, 7], "texture": "#1"},
				"west": {"uv": [6, 1, 7, 2], "texture": "#1"},
				"up": {"uv": [3, 7, 2, 6], "texture": "#1"},
				"down": {"uv": [7, 2, 6, 3], "texture": "#1"}
			}
		},
		{
			"from": [12, 16, 7],
			"to": [13, 16.4, 8],
			"faces": {
				"north": {"uv": [5, 2, 6, 3], "texture": "#1"},
				"east": {"uv": [3, 5, 4, 6], "texture": "#1"},
				"south": {"uv": [5, 3, 6, 4], "texture": "#1"},
				"west": {"uv": [4, 5, 5, 6], "texture": "#1"},
				"up": {"uv": [6, 5, 5, 4], "texture": "#1"},
				"down": {"uv": [6, 5, 5, 6], "texture": "#1"}
			}
		},
		{
			"from": [13, 16, 6],
			"to": [14, 16.4, 7],
			"faces": {
				"north": {"uv": [4, 4, 5, 5], "texture": "#1"},
				"east": {"uv": [0, 5, 1, 6], "texture": "#1"},
				"south": {"uv": [5, 0, 6, 1], "texture": "#1"},
				"west": {"uv": [1, 5, 2, 6], "texture": "#1"},
				"up": {"uv": [6, 2, 5, 1], "texture": "#1"},
				"down": {"uv": [3, 5, 2, 6], "texture": "#1"}
			}
		},
		{
			"from": [13, 16, 7],
			"to": [14, 16.4, 8],
			"faces": {
				"north": {"uv": [1, 4, 2, 5], "texture": "#1"},
				"east": {"uv": [4, 1, 5, 2], "texture": "#1"},
				"south": {"uv": [2, 4, 3, 5], "texture": "#1"},
				"west": {"uv": [4, 2, 5, 3], "texture": "#1"},
				"up": {"uv": [4, 5, 3, 4], "texture": "#1"},
				"down": {"uv": [5, 3, 4, 4], "texture": "#1"}
			}
		},
		{
			"from": [13, 16, 8],
			"to": [14, 16.4, 9],
			"faces": {
				"north": {"uv": [3, 1, 4, 2], "texture": "#1"},
				"east": {"uv": [2, 3, 3, 4], "texture": "#1"},
				"south": {"uv": [3, 2, 4, 3], "texture": "#1"},
				"west": {"uv": [3, 3, 4, 4], "texture": "#1"},
				"up": {"uv": [1, 5, 0, 4], "texture": "#1"},
				"down": {"uv": [5, 0, 4, 1], "texture": "#1"}
			}
		},
		{
			"from": [14, 16, 7],
			"to": [15, 16.4, 8],
			"faces": {
				"north": {"uv": [1, 2, 2, 3], "texture": "#1"},
				"east": {"uv": [2, 1, 3, 2], "texture": "#1"},
				"south": {"uv": [2, 2, 3, 3], "texture": "#1"},
				"west": {"uv": [0, 3, 1, 4], "texture": "#1"},
				"up": {"uv": [4, 1, 3, 0], "texture": "#1"},
				"down": {"uv": [2, 3, 1, 4], "texture": "#1"}
			}
		},
		{
			"from": [14, 16, 8],
			"to": [15, 16.4, 9],
			"faces": {
				"north": {"uv": [0, 0, 1, 1], "texture": "#1"},
				"east": {"uv": [0, 1, 1, 2], "texture": "#1"},
				"south": {"uv": [1, 0, 2, 1], "texture": "#1"},
				"west": {"uv": [1, 1, 2, 2], "texture": "#1"},
				"up": {"uv": [1, 3, 0, 2], "texture": "#1"},
				"down": {"uv": [3, 0, 2, 1], "texture": "#1"}
			}
		},
		{
			"from": [2, 16, 7],
			"to": [3, 16.4, 8],
			"faces": {
				"north": {"uv": [0, 6, 1, 7], "texture": "#1"},
				"east": {"uv": [6, 0, 7, 1], "texture": "#1"},
				"south": {"uv": [1, 6, 2, 7], "texture": "#1"},
				"west": {"uv": [6, 1, 7, 2], "texture": "#1"},
				"up": {"uv": [3, 7, 2, 6], "texture": "#1"},
				"down": {"uv": [7, 2, 6, 3], "texture": "#1"}
			}
		},
		{
			"from": [0, 16, 8],
			"to": [1, 16.4, 9],
			"faces": {
				"north": {"uv": [5, 2, 6, 3], "texture": "#1"},
				"east": {"uv": [3, 5, 4, 6], "texture": "#1"},
				"south": {"uv": [5, 3, 6, 4], "texture": "#1"},
				"west": {"uv": [4, 5, 5, 6], "texture": "#1"},
				"up": {"uv": [6, 5, 5, 4], "texture": "#1"},
				"down": {"uv": [6, 5, 5, 6], "texture": "#1"}
			}
		},
		{
			"from": [1, 16, 7],
			"to": [2, 16.4, 8],
			"faces": {
				"north": {"uv": [4, 4, 5, 5], "texture": "#1"},
				"east": {"uv": [0, 5, 1, 6], "texture": "#1"},
				"south": {"uv": [5, 0, 6, 1], "texture": "#1"},
				"west": {"uv": [1, 5, 2, 6], "texture": "#1"},
				"up": {"uv": [6, 2, 5, 1], "texture": "#1"},
				"down": {"uv": [3, 5, 2, 6], "texture": "#1"}
			}
		},
		{
			"from": [1, 16, 8],
			"to": [2, 16.4, 9],
			"faces": {
				"north": {"uv": [1, 4, 2, 5], "texture": "#1"},
				"east": {"uv": [4, 1, 5, 2], "texture": "#1"},
				"south": {"uv": [2, 4, 3, 5], "texture": "#1"},
				"west": {"uv": [4, 2, 5, 3], "texture": "#1"},
				"up": {"uv": [4, 5, 3, 4], "texture": "#1"},
				"down": {"uv": [5, 3, 4, 4], "texture": "#1"}
			}
		},
		{
			"from": [1, 16, 9],
			"to": [2, 16.4, 10],
			"faces": {
				"north": {"uv": [3, 1, 4, 2], "texture": "#1"},
				"east": {"uv": [2, 3, 3, 4], "texture": "#1"},
				"south": {"uv": [3, 2, 4, 3], "texture": "#1"},
				"west": {"uv": [3, 3, 4, 4], "texture": "#1"},
				"up": {"uv": [1, 5, 0, 4], "texture": "#1"},
				"down": {"uv": [5, 0, 4, 1], "texture": "#1"}
			}
		},
		{
			"from": [2, 16, 8],
			"to": [3, 16.4, 9],
			"faces": {
				"north": {"uv": [1, 2, 2, 3], "texture": "#1"},
				"east": {"uv": [2, 1, 3, 2], "texture": "#1"},
				"south": {"uv": [2, 2, 3, 3], "texture": "#1"},
				"west": {"uv": [0, 3, 1, 4], "texture": "#1"},
				"up": {"uv": [4, 1, 3, 0], "texture": "#1"},
				"down": {"uv": [2, 3, 1, 4], "texture": "#1"}
			}
		},
		{
			"from": [2, 16, 9],
			"to": [3, 16.4, 10],
			"faces": {
				"north": {"uv": [0, 0, 1, 1], "texture": "#1"},
				"east": {"uv": [0, 1, 1, 2], "texture": "#1"},
				"south": {"uv": [1, 0, 2, 1], "texture": "#1"},
				"west": {"uv": [1, 1, 2, 2], "texture": "#1"},
				"up": {"uv": [1, 3, 0, 2], "texture": "#1"},
				"down": {"uv": [3, 0, 2, 1], "texture": "#1"}
			}
		},
		{
			"from": [3, 16, 2],
			"to": [4, 16.4, 3],
			"faces": {
				"north": {"uv": [1, 2, 2, 3], "texture": "#1"},
				"east": {"uv": [2, 1, 3, 2], "texture": "#1"},
				"south": {"uv": [2, 2, 3, 3], "texture": "#1"},
				"west": {"uv": [0, 3, 1, 4], "texture": "#1"},
				"up": {"uv": [4, 1, 3, 0], "texture": "#1"},
				"down": {"uv": [2, 3, 1, 4], "texture": "#1"}
			}
		},
		{
			"from": [2, 16, 3],
			"to": [3, 16.4, 4],
			"faces": {
				"north": {"uv": [3, 1, 4, 2], "texture": "#1"},
				"east": {"uv": [2, 3, 3, 4], "texture": "#1"},
				"south": {"uv": [3, 2, 4, 3], "texture": "#1"},
				"west": {"uv": [3, 3, 4, 4], "texture": "#1"},
				"up": {"uv": [1, 5, 0, 4], "texture": "#1"},
				"down": {"uv": [5, 0, 4, 1], "texture": "#1"}
			}
		},
		{
			"from": [2, 16, 2],
			"to": [3, 16.4, 3],
			"faces": {
				"north": {"uv": [1, 4, 2, 5], "texture": "#1"},
				"east": {"uv": [4, 1, 5, 2], "texture": "#1"},
				"south": {"uv": [2, 4, 3, 5], "texture": "#1"},
				"west": {"uv": [4, 2, 5, 3], "texture": "#1"},
				"up": {"uv": [4, 5, 3, 4], "texture": "#1"},
				"down": {"uv": [5, 3, 4, 4], "texture": "#1"}
			}
		},
		{
			"from": [2, 16, 1],
			"to": [3, 16.4, 2],
			"faces": {
				"north": {"uv": [4, 4, 5, 5], "texture": "#1"},
				"east": {"uv": [0, 5, 1, 6], "texture": "#1"},
				"south": {"uv": [5, 0, 6, 1], "texture": "#1"},
				"west": {"uv": [1, 5, 2, 6], "texture": "#1"},
				"up": {"uv": [6, 2, 5, 1], "texture": "#1"},
				"down": {"uv": [3, 5, 2, 6], "texture": "#1"}
			}
		},
		{
			"from": [1, 16, 2],
			"to": [2, 16.4, 3],
			"faces": {
				"north": {"uv": [5, 2, 6, 3], "texture": "#1"},
				"east": {"uv": [3, 5, 4, 6], "texture": "#1"},
				"south": {"uv": [5, 3, 6, 4], "texture": "#1"},
				"west": {"uv": [4, 5, 5, 6], "texture": "#1"},
				"up": {"uv": [6, 5, 5, 4], "texture": "#1"},
				"down": {"uv": [6, 5, 5, 6], "texture": "#1"}
			}
		},
		{
			"from": [3, 16, 1],
			"to": [4, 16.4, 2],
			"faces": {
				"north": {"uv": [0, 6, 1, 7], "texture": "#1"},
				"east": {"uv": [6, 0, 7, 1], "texture": "#1"},
				"south": {"uv": [1, 6, 2, 7], "texture": "#1"},
				"west": {"uv": [6, 1, 7, 2], "texture": "#1"},
				"up": {"uv": [3, 7, 2, 6], "texture": "#1"},
				"down": {"uv": [7, 2, 6, 3], "texture": "#1"}
			}
		}
	],
	"gui_light": "front",
	"display": {
		"thirdperson_righthand": {
			"scale": [0.4, 0.4, 0.4]
		},
		"thirdperson_lefthand": {
			"scale": [0.4, 0.4, 0.4]
		},
		"firstperson_righthand": {
			"scale": [0.47, 0.45, 0.3]
		},
		"firstperson_lefthand": {
			"scale": [0.47, 0.45, 0.3]
		},
		"ground": {
			"scale": [0.3, 0.3, 0.32]
		},
		"gui": {
			"rotation": [25.98, -47.09, -1.35],
			"scale": [0.7, 0.65, 0.69]
		},
		"fixed": {
			"scale": [0.9, 0.9, 0.9]
		}
	}
}